{
    "models": {
        "arbitraryMagField": {
            "interpolationOrder": 1,
            "longitudinalPosition": 0,
            "magneticFile": "ivu21_srx_g6_2c.dat"
        },
        "beamline": [
            {
                "grazingAngle": 2.65,
                "heightAmplification": 0.001,
                "heightProfileFile": "mirror_1d.dat",
                "horizontalTransverseSize": 2.65,
                "id": 2,
                "orientation": "x",
                "position": 157.05,
                "title": "MR1L3",
                "type": "mirror",
                "verticalTransverseSize": 10
            },
            {
                "grazingAngle": -2.65,
                "heightAmplification": 0.001,
                "heightProfileFile": "mirror_1d.dat",
                "horizontalTransverseSize": 2.65,
                "id": 3,
                "orientation": "x",
                "position": 271.05,
                "title": "MR2L3",
                "type": "mirror",
                "verticalTransverseSize": 10
            },
            {
                "id": 4,
                "isDisabled": true,
                "position": 279.05,
                "title": "Before HHLM",
                "type": "watch"
            },
            {
                "asymmetryAngle": 0.296706,
                "crystalThickness": 0.01,
                "dSpacing": 1.9201374688016222,
                "diffractionAngle": "1.57079632",
                "energy": 9481,
                "grazingAngle": 50.87889763248938,
                "h": "2",
                "heightAmplification": 1,
                "heightProfileFile": "",
                "id": 5,
                "k": "2",
                "l": "0",
                "material": "Si (SRW)",
                "nvx": -0.9987059480792639,
                "nvy": 6.786103757443706e-09,
                "nvz": -0.05085694909349798,
                "orientation": "x",
                "outframevx": 0.7680088474922596,
                "outframevy": 1.5763559181300928e-09,
                "outoptvx": -0.6404392322255181,
                "outoptvy": 4.351718429812552e-09,
                "outoptvz": 0.7680088474922596,
                "position": 279.05,
                "psi0i": 1.8438837339536554e-07,
                "psi0r": -1.0873035035585694e-05,
                "psiHBi": 1.7824173540780476e-07,
                "psiHBr": -6.610167427198717e-06,
                "psiHi": 1.7824173540780476e-07,
                "psiHr": -6.610167427198717e-06,
                "title": "C1",
                "tvx": -0.05085694909349798,
                "tvy": 3.455677159020173e-10,
                "type": "crystal",
                "useCase": "1"
            },
            {
                "id": 7,
                "isDisabled": true,
                "position": 279.05,
                "title": "After C1",
                "type": "watch"
            },
            {
                "asymmetryAngle": 0,
                "crystalThickness": 0.01,
                "dSpacing": 0.9600687344008111,
                "diffractionAngle": "-1.57079632",
                "energy": 9481,
                "grazingAngle": 749.208373184791,
                "h": "4",
                "heightAmplification": 1,
                "heightProfileFile": "",
                "id": 6,
                "k": "4",
                "l": "0",
                "material": "Si (SRW)",
                "nvx": 0.7322282430733594,
                "nvy": 4.975415277322606e-09,
                "nvz": -0.6810593219725439,
                "orientation": "x",
                "outframevx": 0.07231639990859709,
                "outframevy": -6.3035142390075484e-09,
                "outoptvx": 0.9973817415133786,
                "outoptvy": 6.777105910610342e-09,
                "outoptvz": 0.07231639990859705,
                "position": 279.09,
                "psi0i": 1.8438837339536554e-07,
                "psi0r": -1.0873035035585694e-05,
                "psiHBi": 1.6100412693351052e-07,
                "psiHBr": -4.181686438547451e-06,
                "psiHi": 1.6100412693351052e-07,
                "psiHr": -4.181686438547451e-06,
                "title": "C2",
                "tvx": 0.6810593219725439,
                "tvy": 4.627727743855522e-09,
                "type": "crystal",
                "useCase": "1"
            },
            {
                "id": 8,
                "isDisabled": true,
                "position": 279.09,
                "title": "After C2",
                "type": "watch"
            },
            {
                "asymmetryAngle": 0,
                "crystalThickness": 0.01,
                "dSpacing": 0.9600687344008111,
                "diffractionAngle": "1.57079632",
                "energy": 9481,
                "grazingAngle": 749.208373184791,
                "h": "4",
                "heightAmplification": 1,
                "heightProfileFile": "",
                "id": 9,
                "k": "4",
                "l": "0",
                "material": "Si (SRW)",
                "nvx": -0.7322282430733594,
                "nvy": 4.975415277322606e-09,
                "nvz": -0.6810593219725439,
                "orientation": "x",
                "outframevx": 0.07231639990859709,
                "outframevy": 6.3035142390075484e-09,
                "outoptvx": -0.9973817415133786,
                "outoptvy": 6.777105910610342e-09,
                "outoptvz": 0.07231639990859705,
                "position": 279.34,
                "psi0i": 1.8438837339536554e-07,
                "psi0r": -1.0873035035585694e-05,
                "psiHBi": 1.6100412693351052e-07,
                "psiHBr": -4.181686438547451e-06,
                "psiHi": 1.6100412693351052e-07,
                "psiHr": -4.181686438547451e-06,
                "title": "C3",
                "tvx": -0.6810593219725439,
                "tvy": 4.627727743855522e-09,
                "type": "crystal",
                "useCase": "1"
            },
            {
                "id": 10,
                "isDisabled": true,
                "position": 279.34,
                "title": "After C3",
                "type": "watch"
            },
            {
                "asymmetryAngle": -0.296706,
                "crystalThickness": 0.01,
                "dSpacing": 1.9201374688016222,
                "diffractionAngle": "-1.57079632",
                "energy": 9481,
                "grazingAngle": 644.1911322682903,
                "h": "2",
                "heightAmplification": 1,
                "heightProfileFile": "",
                "id": 11,
                "k": "2",
                "l": "0",
                "material": "Si (SRW)",
                "nvx": 0.7995857954948998,
                "nvy": 5.43310288843489e-09,
                "nvz": -0.6005518758964858,
                "orientation": "x",
                "outframevx": 0.7680089280294708,
                "outframevy": -1.5763553708880613e-09,
                "outoptvx": 0.6404391356460215,
                "outoptvy": 4.351717773564849e-09,
                "outoptvz": 0.7680089280294708,
                "position": 279.55,
                "psi0i": 1.8438837339536554e-07,
                "psi0r": -1.0873035035585694e-05,
                "psiHBi": 1.7824173540780476e-07,
                "psiHBr": -6.610167427198717e-06,
                "psiHi": 1.7824173540780476e-07,
                "psiHr": -6.610167427198717e-06,
                "title": "C4",
                "tvx": 0.6005518758964858,
                "tvy": 4.0806879636583054e-09,
                "type": "crystal",
                "useCase": "1"
            },
            {
                "id": 12,
                "position": 279.55,
                "title": "After C4",
                "type": "watch"
            },
            {
                "asymmetryAngle": 0,
                "crystalThickness": 0.01,
                "dSpacing": 0.9600687344008111,
                "diffractionAngle": "1.57079632",
                "energy": 9481,
                "grazingAngle": 749.208373184791,
                "h": "4",
                "heightAmplification": 1,
                "heightProfileFile": "",
                "id": 13,
                "k": "4",
                "l": "0",
                "material": "Si (SRW)",
                "nvx": -0.7322282430733594,
                "nvy": 4.975415277322606e-09,
                "nvz": -0.6810593219725439,
                "orientation": "x",
                "outframevx": 0.07231639990859709,
                "outframevy": 6.3035142390075484e-09,
                "outoptvx": -0.9973817415133786,
                "outoptvy": 6.777105910610342e-09,
                "outoptvz": 0.07231639990859705,
                "position": 289.47,
                "psi0i": 1.8438837339536554e-07,
                "psi0r": -1.0873035035585694e-05,
                "psiHBi": 1.6100412693351052e-07,
                "psiHBr": -4.181686438547451e-06,
                "psiHi": 1.6100412693351052e-07,
                "psiHr": -4.181686438547451e-06,
                "title": "HRM1",
                "tvx": -0.6810593219725439,
                "tvy": 4.627727743855522e-09,
                "type": "crystal",
                "useCase": "1"
            },
            {
                "id": 14,
                "isDisabled": true,
                "position": 289.47,
                "title": "After HRM1",
                "type": "watch"
            },
            {
                "asymmetryAngle": -0.51487212,
                "crystalThickness": 0.01,
                "dSpacing": 0.9600687344008111,
                "diffractionAngle": "-1.57079632",
                "energy": 9481,
                "grazingAngle": 1264.076369359081,
                "h": "4",
                "heightAmplification": 1,
                "heightProfileFile": "",
                "id": 15,
                "k": "4",
                "l": "0",
                "material": "Si (SRW)",
                "nvx": 0.30193330638751636,
                "nvy": 2.051605629178758e-09,
                "nvz": -0.9533290504825195,
                "orientation": "x",
                "outframevx": 0.0723036269935478,
                "outframevy": -6.303601029645951e-09,
                "outoptvx": 0.9973826675472047,
                "outoptvy": 6.777112202914539e-09,
                "outoptvz": 0.07230362699354775,
                "position": 289.55,
                "psi0i": 1.8438837339536554e-07,
                "psi0r": -1.0873035035585694e-05,
                "psiHBi": 1.6100412693351052e-07,
                "psiHBr": -4.181686438547451e-06,
                "psiHi": 1.6100412693351052e-07,
                "psiHr": -4.181686438547451e-06,
                "title": "HRM2",
                "tvx": 0.9533290504825195,
                "tvy": 6.477772425408857e-09,
                "type": "crystal",
                "useCase": "1"
            },
            {
                "id": 16,
                "position": 289.55,
                "title": "After HRM2",
                "type": "watch"
            },
            {
                "absoluteFocusPosition": 328.4743,
                "attenuationLength": 0.008387,
                "focalDistance": 26.3773,
                "focalPlane": "1",
                "horizontalApertureSize": 1.5,
                "horizontalOffset": 0,
                "id": 17,
                "material": "Be",
                "method": "server",
                "numberOfLenses": 1,
                "position": 299.55,
                "radius": 0.0015,
                "refractiveIndex": "3.791135e-6",
                "shape": "1",
                "tipRadius": 200,
                "tipWallThickness": 50,
                "title": "HRM-F1",
                "type": "crl",
                "verticalApertureSize": 1.5,
                "verticalOffset": 0,
                "wallThickness": 8e-05
            },
            {
                "id": 25,
                "position": 299.55,
                "title": "After HRM-F1",
                "type": "watch"
            },
            {
                "id": 21,
                "isDisabled": true,
                "position": 309.55,
                "title": "Before WDS",
                "type": "watch"
            },
            {
                "horizontalOffset": 0,
                "horizontalSize": 0.2,
                "id": 19,
                "position": 309.55,
                "shape": "r",
                "title": "WDS",
                "type": "aperture",
                "verticalOffset": 0,
                "verticalSize": 10
            },
            {
                "id": 20,
                "position": 309.55,
                "title": "After WDS",
                "type": "watch"
            },
            {
                "absoluteFocusPosition": 348.3005,
                "attenuationLength": 0.008387,
                "focalDistance": 26.3773,
                "focalPlane": "1",
                "horizontalApertureSize": 1.5,
                "horizontalOffset": 0,
                "id": 22,
                "material": "Be",
                "method": "server",
                "numberOfLenses": 1,
                "position": 319.55,
                "radius": 0.0015,
                "refractiveIndex": "3.791135e-6",
                "shape": "1",
                "tipRadius": 200,
                "tipWallThickness": 50,
                "title": "HRM-F2",
                "type": "crl",
                "verticalApertureSize": 1.5,
                "verticalOffset": 0,
                "wallThickness": 8e-05
            },
            {
                "id": 24,
                "position": 319.55,
                "title": "After HRM-F2",
                "type": "watch"
            },
            {
                "id": 27,
                "position": 329.55,
                "title": "Before HRM3",
                "type": "watch"
            },
            {
                "asymmetryAngle": 0.51487212,
                "crystalThickness": 0.01,
                "dSpacing": 0.9600687344008111,
                "diffractionAngle": "-1.57079632",
                "energy": 9481,
                "grazingAngle": 234.35318504297908,
                "h": "4",
                "heightAmplification": 1,
                "heightProfileFile": "",
                "id": 23,
                "k": "4",
                "l": "0",
                "material": "Si (SRW)",
                "nvx": 0.972664744212603,
                "nvy": 6.609156467054803e-09,
                "nvz": -0.23221390002717662,
                "orientation": "x",
                "outframevx": 0.07230362501796789,
                "outframevy": -6.303601043069812e-09,
                "outoptvx": 0.9973826676904212,
                "outoptvy": 6.777112203887679e-09,
                "outoptvz": 0.07230362501796785,
                "position": 329.55,
                "psi0i": 1.8438837339536554e-07,
                "psi0r": -1.0873035035585694e-05,
                "psiHBi": 1.6100412693351052e-07,
                "psiHBr": -4.181686438547451e-06,
                "psiHi": 1.6100412693351052e-07,
                "psiHr": -4.181686438547451e-06,
                "title": "HRM3",
                "tvx": 0.23221390002717662,
                "tvy": 1.5778694645163085e-09,
                "type": "crystal",
                "useCase": "1"
            },
            {
                "id": 26,
                "position": 329.55,
                "title": "After HRM3",
                "type": "watch"
            },
            {
                "asymmetryAngle": 0,
                "crystalThickness": 0.01,
                "dSpacing": 0.9600687344008111,
                "diffractionAngle": "1.57079632",
                "energy": 9481,
                "grazingAngle": 749.208373184791,
                "h": "4",
                "heightAmplification": 1,
                "heightProfileFile": "",
                "id": 28,
                "k": "4",
                "l": "0",
                "material": "Si (SRW)",
                "nvx": -0.7322282430733594,
                "nvy": 4.975415277322606e-09,
                "nvz": -0.6810593219725439,
                "orientation": "x",
                "outframevx": 0.07231639990859709,
                "outframevy": 6.3035142390075484e-09,
                "outoptvx": -0.9973817415133786,
                "outoptvy": 6.777105910610342e-09,
                "outoptvz": 0.07231639990859705,
                "position": 329.63,
                "psi0i": 1.8438837339536554e-07,
                "psi0r": -1.0873035035585694e-05,
                "psiHBi": 1.6100412693351052e-07,
                "psiHBr": -4.181686438547451e-06,
                "psiHi": 1.6100412693351052e-07,
                "psiHr": -4.181686438547451e-06,
                "title": "HRM4",
                "tvx": -0.6810593219725439,
                "tvy": 4.627727743855522e-09,
                "type": "crystal",
                "useCase": "1"
            },
            {
                "id": 29,
                "position": 329.63,
                "title": "After HRM4",
                "type": "watch"
            },
            {
                "id": 30,
                "position": 339.63,
                "title": "After HRM",
                "type": "watch"
            }
        ],
        "beamline3DReport": {
            "condenseBeamline": "1",
            "includeSource": "1",
            "projection": "parallel",
            "showLabels": "1",
            "showPosition": "1"
        },
        "brillianceReport": {
            "brightnessComponent": "k-tuning",
            "detuning": 0,
            "energyDelta": 10,
            "energyPointCount": 100,
            "finalHarmonic": 5,
            "harmonic": "5",
            "initialHarmonic": 1,
            "minDeflection": 0.2,
            "notes": "",
            "plotScale": "linear",
            "reportType": "0"
        },
        "coherenceXAnimation": {
            "aspectRatio": "1",
            "colorMap": "grayscale",
            "intensityPlotsWidth": "0",
            "plotScale": "linear"
        },
        "coherenceYAnimation": {
            "aspectRatio": "1",
            "colorMap": "grayscale",
            "intensityPlotsWidth": "0",
            "plotScale": "linear"
        },
        "electronBeam": {
            "beamDefinition": "t",
            "beamSelector": "NSLS-II Low Beta Final",
            "current": 0.5,
            "energy": 3,
            "energyDeviation": 0,
            "horizontalAlpha": 0,
            "horizontalBeta": 1.84,
            "horizontalDispersion": 0,
            "horizontalDispersionDerivative": 0,
            "horizontalEmittance": 0.55,
            "isReadOnly": true,
            "name": "NSLS-II Low Beta Final",
            "rmsDivergX": 17.28910187,
            "rmsDivergY": 2.6148818,
            "rmsSizeX": 31.81194744,
            "rmsSizeY": 3.05941171,
            "rmsSpread": 0.00089,
            "verticalAlpha": 0,
            "verticalBeta": 1.17,
            "verticalDispersion": 0,
            "verticalDispersionDerivative": 0,
            "verticalEmittance": 0.008,
            "xxprX": 0,
            "xxprY": 0
        },
        "electronBeamPosition": {
            "drift": -1.54,
            "driftCalculationMethod": "auto",
            "horizontalAngle": 0,
            "horizontalPosition": 0,
            "verticalAngle": 0,
            "verticalPosition": 0
        },
        "fluxAnimation": {
            "azimuthalPrecision": 1,
            "distanceFromSource": 20,
            "finalEnergy": 20000,
            "finalHarmonic": 15,
            "fluxType": 1,
            "horizontalApertureSize": "1",
            "horizontalPosition": 0,
            "initialEnergy": 10000,
            "initialHarmonic": 1,
            "longitudinalPrecision": 1,
            "magneticField": 2,
            "method": 1,
            "notes": "",
            "numberOfMacroElectrons": 1000,
            "photonEnergyPointCount": 1000,
            "plotScale": "linear",
            "polarization": 6,
            "precision": 0.01,
            "verticalApertureSize": "1",
            "verticalPosition": 0
        },
        "fluxReport": {
            "azimuthalPrecision": 1,
            "distanceFromSource": 20,
            "finalEnergy": 20000,
            "finalHarmonic": 15,
            "fluxType": 1,
            "horizontalApertureSize": "1",
            "horizontalPosition": 0,
            "initialEnergy": "100",
            "initialHarmonic": 1,
            "longitudinalPrecision": 1,
            "magneticField": 1,
            "method": -1,
            "notes": "",
            "numberOfMacroElectrons": 1,
            "photonEnergyPointCount": 10000,
            "plotScale": "linear",
            "polarization": 6,
            "precision": 0.01,
            "verticalApertureSize": "1",
            "verticalPosition": 0
        },
        "gaussianBeam": {
            "energyPerPulse": "0.001",
            "photonEnergy": 9481,
            "polarization": "2",
            "rmsDivergenceX": 0.7035,
            "rmsDivergenceY": 0.681,
            "rmsPulseDuration": 0.1,
            "rmsSizeX": 14.792385,
            "rmsSizeY": 15.28112,
            "sizeDefinition": "2",
            "waistAngleX": 0,
            "waistAngleY": 0,
            "waistX": 0,
            "waistY": 0,
            "waistZ": 0
        },
        "initialIntensityReport": {
            "_super": "_INTENSITY_REPORT",
            "aspectRatio": "1",
            "characteristic": 0,
            "colorMap": "grayscale",
            "copyCharacteristic": "0",
            "fieldUnits": 1,
            "horizontalOffset": 0,
            "horizontalSize": 1,
            "intensityPlotsWidth": "0",
            "maxIntensityLimit": 1e+30,
            "minIntensityLimit": 0,
            "notes": "",
            "plotScale": "linear",
            "polarization": 6,
            "precision": 0.01,
            "rotateAngle": 0,
            "rotateReshape": "1",
            "useIntensityLimits": "0",
            "usePlotRange": "0",
            "verticalOffset": 0,
            "verticalSize": 1
        },
        "intensityReport": {
            "distanceFromSource": 20,
            "fieldUnits": "1",
            "finalEnergy": "20000",
            "horizontalPosition": "0",
            "initialEnergy": "100",
            "magneticField": "1",
            "method": "1",
            "notes": "",
            "photonEnergyPointCount": 10000,
            "plotScale": "linear",
            "polarization": 6,
            "precision": 0.01,
            "verticalPosition": 0
        },
        "mirrorReport": {
            "intensityPlotsWidth": "0",
            "notes": "",
            "plotScale": "linear"
        },
        "multiElectronAnimation": {
            "_super": "_INTENSITY_REPORT",
            "aspectRatio": "1",
            "calcCoherence": "0",
            "colorMap": "grayscale",
            "horizontalOffset": 0,
            "horizontalPosition": 0,
            "horizontalRange": "0.4",
            "horizontalSize": 1,
            "integrationMethod": "0",
            "intensityPlotsWidth": "0",
            "jobRunMode": "parallel",
            "maxIntensityLimit": 1e+30,
            "minIntensityLimit": 0,
            "notes": "",
            "numberOfMacroElectrons": 1000,
            "photonEnergyBandWidth": 0,
            "plotScale": "linear",
            "rotateAngle": 0,
            "rotateReshape": "1",
            "sbatchCores": 128,
            "sbatchHours": 0.4,
            "sbatchProject": "",
            "sbatchQueue": "debug",
            "stokesParameter": "0",
            "useIntensityLimits": "0",
            "usePlotRange": "0",
            "verticalOffset": 0,
            "verticalPosition": 0,
            "verticalRange": "0.6",
            "verticalSize": 1,
            "watchpointId": 4
        },
        "multipole": {
            "distribution": "n",
            "field": 0.4,
            "length": 3,
            "order": 1
        },
        "panelState": {
            "hidden": [
                "watchpointReport7",
                "watchpointReport8",
                "watchpointReport10",
                "watchpointReport14",
                "watchpointReport21"
            ]
        },
        "postPropagation": [
            0,
            0,
            1,
            0,
            0,
            1,
            1,
            1,
            1,
            0,
            0,
            0,
            0,
            0,
            0,
            0,
            0
        ],
        "powerDensityReport": {
            "_super": "_INTENSITY_REPORT",
            "aspectRatio": "1",
            "colorMap": "grayscale",
            "distanceFromSource": 20,
            "horizontalOffset": 0,
            "horizontalPointCount": 100,
            "horizontalPosition": "0",
            "horizontalRange": "15",
            "horizontalSize": 1,
            "intensityPlotsWidth": "0",
            "maxIntensityLimit": 1e+30,
            "method": 1,
            "minIntensityLimit": 0,
            "notes": "",
            "plotScale": "linear",
            "precision": "1",
            "rotateAngle": 0,
            "rotateReshape": "1",
            "useIntensityLimits": "0",
            "usePlotRange": "0",
            "verticalOffset": 0,
            "verticalPointCount": 100,
            "verticalPosition": 0,
            "verticalRange": "15",
            "verticalSize": 1
        },
        "propagation": {
            "10": [
                [
                    0,
                    0,
                    1,
                    0,
                    0,
                    1,
                    1,
                    1,
                    1,
                    0,
                    0,
                    0,
                    0,
                    0,
                    0,
                    0,
                    0
                ],
                [
                    0,
                    0,
                    1,
                    1,
                    0,
                    1,
                    1,
                    1,
                    1,
                    0,
                    0,
                    0,
                    0,
                    0,
                    0,
                    0,
                    0
                ]
            ],
            "11": [
                [
                    0,
                    0,
                    1,
                    0,
                    0,
                    1,
                    1,
                    1,
                    1,
                    0,
                    0,
                    0,
                    0.640439135646,
                    4.352e-09,
                    0.768008928029,
                    0.768008928029,
                    -1.576e-09
                ],
                [
                    0,
                    0,
                    1,
                    1,
                    0,
                    1,
                    1,
                    1,
                    1,
                    0,
                    0,
                    0,
                    0,
                    0,
                    0,
                    0,
                    0
                ]
            ],
            "12": [
                [
                    0,
                    0,
                    1,
                    0,
                    0,
                    1,
                    1,
                    1,
                    1,
                    0,
                    0,
                    0,
                    0,
                    0,
                    0,
                    0,
                    0
                ],
                [
                    0,
                    0,
                    1,
                    1,
                    0,
                    1,
                    1,
                    1,
                    1,
                    0,
                    0,
                    0,
                    0,
                    0,
                    0,
                    0,
                    0
                ]
            ],
            "13": [
                [
                    0,
                    0,
                    1,
                    0,
                    0,
                    1,
                    1,
                    1,
                    1,
                    0,
                    0,
                    0,
                    -0.997381741513,
                    6.777e-09,
                    0.072316399909,
                    0.072316399909,
                    6.304e-09
                ],
                [
                    0,
                    0,
                    1,
                    1,
                    0,
                    1,
                    1,
                    1,
                    1,
                    0,
                    0,
                    0,
                    0,
                    0,
                    0,
                    0,
                    0
                ]
            ],
            "14": [
                [
                    0,
                    0,
                    1,
                    0,
                    0,
                    1,
                    1,
                    1,
                    1,
                    0,
                    0,
                    0,
                    0,
                    0,
                    0,
                    0,
                    0
                ],
                [
                    0,
                    0,
                    1,
                    1,
                    0,
                    1,
                    1,
                    1,
                    1,
                    0,
                    0,
                    0,
                    0,
                    0,
                    0,
                    0,
                    0
                ]
            ],
            "15": [
                [
                    0,
                    0,
                    1,
                    0,
                    0,
                    3,
                    1,
                    1,
                    1,
                    0,
                    0,
                    0,
                    0.997382667547,
                    6.777e-09,
                    0.072303626994,
                    0.072303626994,
                    -6.304e-09
                ],
                [
                    0,
                    0,
                    1,
                    1,
                    0,
                    1,
                    1,
                    1,
                    1,
                    0,
                    0,
                    0,
                    0,
                    0,
                    0,
                    0,
                    0
                ]
            ],
            "16": [
                [
                    0,
                    0,
                    1,
                    0,
                    0,
                    1,
                    1,
                    1,
                    1,
                    0,
                    0,
                    0,
                    0,
                    0,
                    0,
                    0,
                    0
                ],
                [
                    0,
                    0,
                    1,
                    1,
                    0,
                    1,
                    1,
                    1,
                    1,
                    0,
                    0,
                    0,
                    0,
                    0,
                    0,
                    0,
                    0
                ]
            ],
            "17": [
                [
                    0,
                    0,
                    1,
                    0,
                    0,
                    1,
                    1,
                    1,
                    1,
                    0,
                    0,
                    0,
                    0,
                    0,
                    0,
                    0,
                    0
                ],
                [
                    0,
                    0,
                    1,
                    1,
                    0,
                    1,
                    1,
                    1,
                    1,
                    0,
                    0,
                    0,
                    0,
                    0,
                    0,
                    0,
                    0
                ]
            ],
            "19": [
                [
                    0,
                    0,
                    1,
                    0,
                    0,
                    1,
                    1,
                    1,
                    1,
                    0,
                    0,
                    0,
                    0,
                    0,
                    0,
                    0,
                    0
                ],
                [
                    0,
                    0,
                    1,
                    1,
                    0,
                    1,
                    1,
                    1,
                    1,
                    0,
                    0,
                    0,
                    0,
                    0,
                    0,
                    0,
                    0
                ]
            ],
            "2": [
                [
                    0,
                    0,
                    1,
                    0,
                    0,
                    1,
                    4,
                    1,
                    1,
                    0,
                    0,
                    0,
                    0,
                    0,
                    0,
                    0,
                    0
                ],
                [
                    0,
                    0,
                    1,
                    1,
                    0,
                    1,
                    1,
                    1,
                    1,
                    0,
                    0,
                    0,
                    0,
                    0,
                    0,
                    0,
                    0
                ]
            ],
            "20": [
                [
                    0,
                    0,
                    1,
                    0,
                    0,
                    1,
                    1,
                    1,
                    1,
                    0,
                    0,
                    0,
                    0,
                    0,
                    0,
                    0,
                    0
                ],
                [
                    0,
                    0,
                    1,
                    1,
                    0,
                    1,
                    1,
                    1,
                    1,
                    0,
                    0,
                    0,
                    0,
                    0,
                    0,
                    0,
                    0
                ]
            ],
            "21": [
                [
                    0,
                    0,
                    1,
                    0,
                    0,
                    1,
                    1,
                    1,
                    1,
                    0,
                    0,
                    0,
                    0,
                    0,
                    0,
                    0,
                    0
                ],
                [
                    0,
                    0,
                    1,
                    1,
                    0,
                    1,
                    1,
                    1,
                    1,
                    0,
                    0,
                    0,
                    0,
                    0,
                    0,
                    0,
                    0
                ]
            ],
            "22": [
                [
                    0,
                    0,
                    1,
                    0,
                    0,
                    1,
                    1,
                    1,
                    1,
                    0,
                    0,
                    0,
                    0,
                    0,
                    0,
                    0,
                    0
                ],
                [
                    0,
                    0,
                    1,
                    1,
                    0,
                    1,
                    1,
                    1,
                    1,
                    0,
                    0,
                    0,
                    0,
                    0,
                    0,
                    0,
                    0
                ]
            ],
            "23": [
                [
                    0,
                    0,
                    1,
                    0,
                    0,
                    1,
                    1,
                    1,
                    1,
                    0,
                    0,
                    0,
                    0.99738266769,
                    6.777e-09,
                    0.072303625018,
                    0.072303625018,
                    -6.304e-09
                ],
                [
                    0,
                    0,
                    1,
                    1,
                    0,
                    1,
                    1,
                    1,
                    1,
                    0,
                    0,
                    0,
                    0,
                    0,
                    0,
                    0,
                    0
                ]
            ],
            "24": [
                [
                    0,
                    0,
                    1,
                    0,
                    0,
                    1,
                    1,
                    1,
                    1,
                    0,
                    0,
                    0,
                    0,
                    0,
                    0,
                    0,
                    0
                ],
                [
                    0,
                    0,
                    1,
                    1,
                    0,
                    1,
                    1,
                    1,
                    1,
                    0,
                    0,
                    0,
                    0,
                    0,
                    0,
                    0,
                    0
                ]
            ],
            "25": [
                [
                    0,
                    0,
                    1,
                    0,
                    0,
                    1,
                    1,
                    1,
                    1,
                    0,
                    0,
                    0,
                    0,
                    0,
                    0,
                    0,
                    0
                ],
                [
                    0,
                    0,
                    1,
                    1,
                    0,
                    1,
                    1,
                    1,
                    1,
                    0,
                    0,
                    0,
                    0,
                    0,
                    0,
                    0,
                    0
                ]
            ],
            "26": [
                [
                    0,
                    0,
                    1,
                    0,
                    0,
                    1,
                    1,
                    1,
                    1,
                    0,
                    0,
                    0,
                    0,
                    0,
                    0,
                    0,
                    0
                ],
                [
                    0,
                    0,
                    1,
                    1,
                    0,
                    1,
                    1,
                    1,
                    1,
                    0,
                    0,
                    0,
                    0,
                    0,
                    0,
                    0,
                    0
                ]
            ],
            "27": [
                [
                    0,
                    0,
                    1,
                    0,
                    0,
                    1,
                    1,
                    1,
                    1,
                    0,
                    0,
                    0,
                    0,
                    0,
                    0,
                    0,
                    0
                ],
                [
                    0,
                    0,
                    1,
                    1,
                    0,
                    1,
                    1,
                    1,
                    1,
                    0,
                    0,
                    0,
                    0,
                    0,
                    0,
                    0,
                    0
                ]
            ],
            "28": [
                [
                    0,
                    0,
                    1,
                    0,
                    0,
                    1,
                    1,
                    1,
                    1,
                    0,
                    0,
                    0,
                    -0.997381741513,
                    6.777e-09,
                    0.072316399909,
                    0.072316399909,
                    6.304e-09
                ],
                [
                    0,
                    0,
                    1,
                    1,
                    0,
                    1,
                    1,
                    1,
                    1,
                    0,
                    0,
                    0,
                    0,
                    0,
                    0,
                    0,
                    0
                ]
            ],
            "29": [
                [
                    0,
                    0,
                    1,
                    0,
                    0,
                    1,
                    1,
                    1,
                    1,
                    0,
                    0,
                    0,
                    0,
                    0,
                    0,
                    0,
                    0
                ],
                [
                    0,
                    0,
                    1,
                    1,
                    0,
                    1,
                    1,
                    1,
                    1,
                    0,
                    0,
                    0,
                    0,
                    0,
                    0,
                    0,
                    0
                ]
            ],
            "3": [
                [
                    0,
                    0,
                    1,
                    0,
                    0,
                    1,
                    1,
                    1,
                    1,
                    0,
                    0,
                    0,
                    0,
                    0,
                    0,
                    0,
                    0
                ],
                [
                    0,
                    0,
                    1,
                    1,
                    0,
                    1,
                    1,
                    1,
                    1,
                    0,
                    0,
                    0,
                    0,
                    0,
                    0,
                    0,
                    0
                ]
            ],
            "30": [
                [
                    0,
                    0,
                    1,
                    0,
                    0,
                    1,
                    1,
                    1,
                    1,
                    0,
                    0,
                    0,
                    0,
                    0,
                    0,
                    0,
                    0
                ],
                [
                    0,
                    0,
                    1,
                    1,
                    0,
                    1,
                    1,
                    1,
                    1,
                    0,
                    0,
                    0,
                    0,
                    0,
                    0,
                    0,
                    0
                ]
            ],
            "4": [
                [
                    0,
                    0,
                    1,
                    0,
                    0,
                    1,
                    1,
                    1,
                    1,
                    0,
                    0,
                    0,
                    0,
                    0,
                    0,
                    0,
                    0
                ],
                [
                    0,
                    0,
                    1,
                    1,
                    0,
                    1,
                    1,
                    1,
                    1,
                    0,
                    0,
                    0,
                    0,
                    0,
                    0,
                    0,
                    0
                ]
            ],
            "5": [
                [
                    0,
                    0,
                    1,
                    0,
                    0,
                    1,
                    1,
                    1,
                    1,
                    0,
                    0,
                    0,
                    -0.640439232226,
                    4.352e-09,
                    0.768008847492,
                    0.768008847492,
                    1.576e-09
                ],
                [
                    0,
                    0,
                    1,
                    1,
                    0,
                    1,
                    1,
                    1,
                    1,
                    0,
                    0,
                    0,
                    0,
                    0,
                    0,
                    0,
                    0
                ]
            ],
            "6": [
                [
                    0,
                    0,
                    1,
                    0,
                    0,
                    1,
                    1,
                    1,
                    1,
                    0,
                    0,
                    0,
                    0.997381741513,
                    6.777e-09,
                    0.072316399909,
                    0.072316399909,
                    -6.304e-09
                ],
                [
                    0,
                    0,
                    1,
                    1,
                    0,
                    1,
                    1,
                    1,
                    1,
                    0,
                    0,
                    0,
                    0,
                    0,
                    0,
                    0,
                    0
                ]
            ],
            "7": [
                [
                    0,
                    0,
                    1,
                    0,
                    0,
                    1,
                    1,
                    1,
                    1,
                    0,
                    0,
                    0,
                    0,
                    0,
                    0,
                    0,
                    0
                ],
                [
                    0,
                    0,
                    1,
                    1,
                    0,
                    1,
                    1,
                    1,
                    1,
                    0,
                    0,
                    0,
                    0,
                    0,
                    0,
                    0,
                    0
                ]
            ],
            "8": [
                [
                    0,
                    0,
                    1,
                    0,
                    0,
                    1,
                    1,
                    1,
                    1,
                    0,
                    0,
                    0,
                    0,
                    0,
                    0,
                    0,
                    0
                ],
                [
                    0,
                    0,
                    1,
                    1,
                    0,
                    1,
                    1,
                    1,
                    1,
                    0,
                    0,
                    0,
                    0,
                    0,
                    0,
                    0,
                    0
                ]
            ],
            "9": [
                [
                    0,
                    0,
                    1,
                    0,
                    0,
                    1,
                    1,
                    1,
                    1,
                    0,
                    0,
                    0,
                    -0.997381741513,
                    6.777e-09,
                    0.072316399909,
                    0.072316399909,
                    6.304e-09
                ],
                [
                    0,
                    0,
                    1,
                    1,
                    0,
                    1,
                    1,
                    1,
                    1,
                    0,
                    0,
                    0,
                    0,
                    0,
                    0,
                    0,
                    0
                ]
            ]
        },
        "simulation": {
            "distanceFromSource": 157.05,
            "documentationUrl": "",
            "folder": "/Hasan Mono",
            "horizontalPointCount": 100,
            "horizontalPosition": 0,
            "horizontalRange": 2.65,
            "isExample": false,
            "name": "Gaussian Beam 9481 eV #01",
            "notes": "",
            "outOfSessionSimulationId": "69h8i8oe",
            "photonEnergy": 9481,
            "sampleFactor": 0.5,
            "samplingMethod": 1,
            "simulationId": "aOvfg2eI",
            "simulationSerial": 1610533891792573,
            "sourceType": "g",
            "verticalPointCount": 100,
            "verticalPosition": 0,
            "verticalRange": 2.65
        },
        "sourceIntensityReport": {
            "_super": "_INTENSITY_REPORT",
            "aspectRatio": "1",
            "characteristic": 0,
            "colorMap": "grayscale",
            "distanceFromSource": 157.05,
            "fieldUnits": "2",
            "finalPosition": 0,
            "horizontalOffset": 0,
            "horizontalPointCount": 100,
            "horizontalPosition": 0,
            "horizontalRange": 1,
            "horizontalSize": 1,
            "initialPosition": 0,
            "intensityPlotsWidth": "0",
            "maxIntensityLimit": 1e+30,
            "method": "1",
            "minIntensityLimit": 0,
            "notes": "",
            "photonEnergy": 9481,
            "plotScale": "linear",
            "polarization": 6,
            "precision": 0.01,
            "rotateAngle": 0,
            "rotateReshape": "1",
            "sampleFactor": 1,
            "samplingMethod": "1",
            "useIntensityLimits": "0",
            "usePlotRange": "0",
            "verticalOffset": 0,
            "verticalPointCount": 100,
            "verticalPosition": 0,
            "verticalRange": 1,
            "verticalSize": 1
        },
        "tabulatedUndulator": {
            "gap": 6.72,
            "id": " 1",
            "indexFileName": "",
            "magneticFile": "magnetic_measurements.zip",
            "name": "Undulator",
            "phase": 0,
            "undulatorSelector": "Undulator",
            "undulatorType": "u_t"
        },
        "trajectoryReport": {
            "finalTimeMoment": 0,
            "initialTimeMoment": 0,
            "magneticField": "2",
            "notes": "",
            "numberOfPoints": 10000,
            "plotAxisX": "Z",
            "plotAxisY": "X",
            "plotAxisY2": "None",
            "timeMomentEstimation": "auto"
        },
        "undulator": {
            "effectiveDeflectingParameter": 1.65776086,
            "horizontalAmplitude": "0",
            "horizontalDeflectingParameter": 0,
            "horizontalInitialPhase": 0,
            "horizontalSymmetry": 1,
            "length": 3,
            "longitudinalPosition": 0,
            "period": "20",
            "verticalAmplitude": "0.88770981",
            "verticalDeflectingParameter": 1.65776086,
            "verticalInitialPhase": 0,
            "verticalSymmetry": -1
        },
        "watchpointReport10": {
            "_super": "_INTENSITY_REPORT",
            "aspectRatio": "1",
            "characteristic": 0,
            "colorMap": "grayscale",
            "copyCharacteristic": "0",
            "fieldUnits": 1,
            "horizontalOffset": 0,
            "horizontalSize": 1,
            "intensityPlotsWidth": "0",
            "maxIntensityLimit": 1e+30,
            "minIntensityLimit": 0,
            "notes": "",
            "plotScale": "linear",
            "polarization": 6,
            "precision": 0.01,
            "rotateAngle": 0,
            "rotateReshape": "1",
            "useIntensityLimits": "0",
            "usePlotRange": "0",
            "verticalOffset": 0,
            "verticalSize": 1
        },
        "watchpointReport12": {
            "_super": "_INTENSITY_REPORT",
            "aspectRatio": "1",
            "characteristic": 0,
            "colorMap": "grayscale",
            "copyCharacteristic": "0",
            "fieldUnits": 1,
            "horizontalOffset": 0,
            "horizontalSize": 1,
            "intensityPlotsWidth": "0",
            "maxIntensityLimit": 1e+30,
            "minIntensityLimit": 0,
            "notes": "",
            "plotScale": "linear",
            "polarization": 6,
            "precision": 0.01,
            "rotateAngle": 0,
            "rotateReshape": "1",
            "useIntensityLimits": "0",
            "usePlotRange": "0",
            "verticalOffset": 0,
            "verticalSize": 1
        },
        "watchpointReport14": {
            "_super": "_INTENSITY_REPORT",
            "aspectRatio": "1",
            "characteristic": 0,
            "colorMap": "grayscale",
            "copyCharacteristic": "0",
            "fieldUnits": 1,
            "horizontalOffset": 0,
            "horizontalSize": 1,
            "intensityPlotsWidth": "0",
            "maxIntensityLimit": 1e+30,
            "minIntensityLimit": 0,
            "notes": "",
            "plotScale": "linear",
            "polarization": 6,
            "precision": 0.01,
            "rotateAngle": 0,
            "rotateReshape": "1",
            "useIntensityLimits": "0",
            "usePlotRange": "0",
            "verticalOffset": 0,
            "verticalSize": 1
        },
        "watchpointReport16": {
            "_super": "_INTENSITY_REPORT",
            "aspectRatio": "1",
            "characteristic": 0,
            "colorMap": "grayscale",
            "copyCharacteristic": "0",
            "fieldUnits": 1,
            "horizontalOffset": 0,
            "horizontalSize": 1,
            "intensityPlotsWidth": "0",
            "maxIntensityLimit": 1e+30,
            "minIntensityLimit": 0,
            "notes": "",
            "plotScale": "linear",
            "polarization": 6,
            "precision": 0.01,
            "rotateAngle": 0,
            "rotateReshape": "1",
            "useIntensityLimits": "0",
            "usePlotRange": "0",
            "verticalOffset": 0,
            "verticalSize": 1
        },
        "watchpointReport20": {
            "_super": "_INTENSITY_REPORT",
            "aspectRatio": "1",
            "characteristic": 0,
            "colorMap": "grayscale",
            "copyCharacteristic": "0",
            "fieldUnits": 1,
            "horizontalOffset": 0,
            "horizontalSize": 1,
            "intensityPlotsWidth": "0",
            "maxIntensityLimit": 1e+30,
            "minIntensityLimit": 0,
            "notes": "",
            "plotScale": "linear",
            "polarization": 6,
            "precision": 0.01,
            "rotateAngle": 0,
            "rotateReshape": "1",
            "useIntensityLimits": "0",
            "usePlotRange": "0",
            "verticalOffset": 0,
            "verticalSize": 1
        },
        "watchpointReport21": {
            "_super": "_INTENSITY_REPORT",
            "aspectRatio": "1",
            "characteristic": 0,
            "colorMap": "grayscale",
            "copyCharacteristic": "0",
            "fieldUnits": 1,
            "horizontalOffset": 0,
            "horizontalSize": 1,
            "intensityPlotsWidth": "0",
            "maxIntensityLimit": 1e+30,
            "minIntensityLimit": 0,
            "notes": "",
            "plotScale": "linear",
            "polarization": 6,
            "precision": 0.01,
            "rotateAngle": 0,
            "rotateReshape": "1",
            "useIntensityLimits": "0",
            "usePlotRange": "0",
            "verticalOffset": 0,
            "verticalSize": 1
        },
        "watchpointReport24": {
            "_super": "_INTENSITY_REPORT",
            "aspectRatio": "1",
            "characteristic": 0,
            "colorMap": "grayscale",
            "copyCharacteristic": "0",
            "fieldUnits": 1,
            "horizontalOffset": 0,
            "horizontalSize": 1,
            "intensityPlotsWidth": "0",
            "maxIntensityLimit": 1e+30,
            "minIntensityLimit": 0,
            "notes": "",
            "plotScale": "linear",
            "polarization": 6,
            "precision": 0.01,
            "rotateAngle": 0,
            "rotateReshape": "1",
            "useIntensityLimits": "0",
            "usePlotRange": "0",
            "verticalOffset": 0,
            "verticalSize": 1
        },
        "watchpointReport25": {
            "_super": "_INTENSITY_REPORT",
            "aspectRatio": "1",
            "characteristic": 0,
            "colorMap": "grayscale",
            "copyCharacteristic": "0",
            "fieldUnits": 1,
            "horizontalOffset": 0,
            "horizontalSize": 1,
            "intensityPlotsWidth": "0",
            "maxIntensityLimit": 1e+30,
            "minIntensityLimit": 0,
            "notes": "",
            "plotScale": "linear",
            "polarization": 6,
            "precision": 0.01,
            "rotateAngle": 0,
            "rotateReshape": "1",
            "useIntensityLimits": "0",
            "usePlotRange": "0",
            "verticalOffset": 0,
            "verticalSize": 1
        },
        "watchpointReport26": {
            "_super": "_INTENSITY_REPORT",
            "aspectRatio": "1",
            "characteristic": 0,
            "colorMap": "grayscale",
            "copyCharacteristic": "0",
            "fieldUnits": 1,
            "horizontalOffset": 0,
            "horizontalSize": 1,
            "intensityPlotsWidth": "0",
            "maxIntensityLimit": 1e+30,
            "minIntensityLimit": 0,
            "notes": "",
            "plotScale": "linear",
            "polarization": 6,
            "precision": 0.01,
            "rotateAngle": 0,
            "rotateReshape": "1",
            "useIntensityLimits": "0",
            "usePlotRange": "0",
            "verticalOffset": 0,
            "verticalSize": 1
        },
        "watchpointReport27": {
            "_super": "_INTENSITY_REPORT",
            "aspectRatio": "1",
            "characteristic": 0,
            "colorMap": "grayscale",
            "copyCharacteristic": "0",
            "fieldUnits": 1,
            "horizontalOffset": 0,
            "horizontalSize": 1,
            "intensityPlotsWidth": "0",
            "maxIntensityLimit": 1e+30,
            "minIntensityLimit": 0,
            "notes": "",
            "plotScale": "linear",
            "polarization": 6,
            "precision": 0.01,
            "rotateAngle": 0,
            "rotateReshape": "1",
            "useIntensityLimits": "0",
            "usePlotRange": "0",
            "verticalOffset": 0,
            "verticalSize": 1
        },
        "watchpointReport29": {
            "_super": "_INTENSITY_REPORT",
            "aspectRatio": "1",
            "characteristic": 0,
            "colorMap": "grayscale",
            "copyCharacteristic": "0",
            "fieldUnits": 1,
            "horizontalOffset": 0,
            "horizontalSize": 1,
            "intensityPlotsWidth": "0",
            "maxIntensityLimit": 1e+30,
            "minIntensityLimit": 0,
            "notes": "",
            "plotScale": "linear",
            "polarization": 6,
            "precision": 0.01,
            "rotateAngle": 0,
            "rotateReshape": "1",
            "useIntensityLimits": "0",
            "usePlotRange": "0",
            "verticalOffset": 0,
            "verticalSize": 1
        },
        "watchpointReport30": {
            "_super": "_INTENSITY_REPORT",
            "aspectRatio": "1",
            "characteristic": 0,
            "colorMap": "grayscale",
            "copyCharacteristic": "0",
            "fieldUnits": 1,
            "horizontalOffset": 0,
            "horizontalSize": 1,
            "intensityPlotsWidth": "0",
            "maxIntensityLimit": 1e+30,
            "minIntensityLimit": 0,
            "notes": "",
            "plotScale": "linear",
            "polarization": 6,
            "precision": 0.01,
            "rotateAngle": 0,
            "rotateReshape": "1",
            "useIntensityLimits": "0",
            "usePlotRange": "0",
            "verticalOffset": 0,
            "verticalSize": 1
        },
        "watchpointReport4": {
            "_super": "_INTENSITY_REPORT",
            "aspectRatio": "1",
            "characteristic": 0,
            "colorMap": "grayscale",
            "copyCharacteristic": "0",
            "fieldUnits": 1,
            "horizontalOffset": 0,
            "horizontalSize": 1,
            "intensityPlotsWidth": "0",
            "maxIntensityLimit": 1e+30,
            "minIntensityLimit": 0,
            "notes": "",
            "plotScale": "linear",
            "polarization": 6,
            "precision": 0.01,
            "rotateAngle": 0,
            "rotateReshape": "1",
            "useIntensityLimits": "0",
            "usePlotRange": "0",
            "verticalOffset": 0,
            "verticalSize": 1
        },
        "watchpointReport7": {
            "_super": "_INTENSITY_REPORT",
            "aspectRatio": "1",
            "characteristic": 0,
            "colorMap": "grayscale",
            "copyCharacteristic": "0",
            "fieldUnits": 1,
            "horizontalOffset": 0,
            "horizontalSize": 1,
            "intensityPlotsWidth": "0",
            "maxIntensityLimit": 1e+30,
            "minIntensityLimit": 0,
            "notes": "",
            "plotScale": "linear",
            "polarization": 6,
            "precision": 0.01,
            "rotateAngle": 0,
            "rotateReshape": "1",
            "useIntensityLimits": "0",
            "usePlotRange": "0",
            "verticalOffset": 0,
            "verticalSize": 1
        },
        "watchpointReport8": {
            "_super": "_INTENSITY_REPORT",
            "aspectRatio": "1",
            "characteristic": 0,
            "colorMap": "grayscale",
            "copyCharacteristic": "0",
            "fieldUnits": 1,
            "horizontalOffset": 0,
            "horizontalSize": 1,
            "intensityPlotsWidth": "0",
            "maxIntensityLimit": 1e+30,
            "minIntensityLimit": 0,
            "notes": "",
            "plotScale": "linear",
            "polarization": 6,
            "precision": 0.01,
            "rotateAngle": 0,
            "rotateReshape": "1",
            "useIntensityLimits": "0",
            "usePlotRange": "0",
            "verticalOffset": 0,
            "verticalSize": 1
        }
    },
    "rsmanifest": {
        "image": {
            "git_commit": "a1ea0908f72e264f8076303e6b9605ec391d62d0",
            "git_remote_origin_url": "https://github.com/radiasoft/sirepo",
            "name": "radiasoft/sirepo",
            "type": "docker",
            "uri": "https://registry.hub.docker.com/radiasoft/sirepo:20210105.200140",
            "version": "20210105.200140"
        },
        "version": "20190612.150000"
    },
    "simulationType": "srw",
    "version": "20210105.152222"
}
